id,nombre_de_la_ocupaci_n,nivel,n_mero_de_inscritos_2019,n_mero_de_inscritos_2020,participacion_2019,participacion_2020,variacion_2020_vs_2019,contribuci_n_a_la_variaci,vacantes_estimadas
1,Miembros del Poder Ejecutivo y Legislativo,Directivo,7,3,0.02,0.02,-5.71,-0.01,0
2,Personal Directivo de la Administración Pública,Directivo,156,72,0.46,0.36,-5.38,-0.25,7
3,"Directores y Gerentes Generales de Servicios Financieros, de Telecomunicaciones y Otros Servicios a las Empresas",Directivo,12,6,0.04,0.03,-5,-0.02,0
4,"Directores y Gerentes Generales de Salud, Educación, Servicios Social, Comunitario y Organizaciones de Membresía",Directivo,31,20,0.09,0.1,-3.55,-0.03,2
5,"Directores y Gerentes Generales de Comercio, Medios de Comunicación y Otros Servicios",Directivo,36,15,0.11,0.08,-5.83,-0.06,1
6,"Directores y Gerentes Generales de Producción de Bienes, Servicios Públicos, Transporte y Construcción",Directivo,16,11,0.05,0.06,-3.13,-0.01,1
7,Directores y gerentes generales de servicios y procesos de negocio.,Directivo,23,13,0.07,0.07,-4.35,-0.03,1
8,Gerentes Financieros,Directivo,53,33,0.16,0.17,-3.77,-0.06,3
9,Gerentes de Talento Humano,Directivo,42,28,0.12,0.14,-3.33,-0.04,2
10,Gerentes de Compras y Adquisiciones,Directivo,63,35,0.19,0.18,-4.44,-0.08,3
11,Gerentes de Otros Servicios Administrativos,Directivo,240,169,0.71,0.85,-2.96,-0.21,16
12,"Gerentes de Seguros, Bienes Raíces y Corretaje Financiero",Directivo,19,5,0.06,0.03,-7.37,-0.04,0
13,"Gerentes de Banca, Crédito e Inversiones",Directivo,28,17,0.08,0.09,-3.93,-0.03,1
14,Gerentes de Otros Servicios a las Empresas,Directivo,22,16,0.06,0.08,-2.73,-0.02,1
15,Gerentes de Empresas de Telecomunicaciones,Directivo,9,1,0.03,0.01,-8.89,-0.02,0
16,Gerentes de Servicios de Correo y Mensajería,Directivo,6,0,0.02,,-10,-0.02,0
17,Gerentes de Ingeniería,Directivo,81,41,0.24,0.21,-4.94,-0.12,4
18,Gerentes de Investigación y Desarrollo en Ciencias Naturales y Aplicadas,Directivo,6,6,0.02,0.03,0,0,0
19,Gerentes de Sistemas de Información y Procesamiento de Datos,Directivo,92,19,0.27,0.1,-7.93,-0.22,1
20,Gerentes de Servicios a la Salud,Directivo,71,65,0.21,0.33,-0.85,-0.02,6
21,Gerentes de Programas de Política Social y de Salud,Directivo,0,0,,,,,0
22,Gerentes de Programas de Política de Desarrollo Económico,Directivo,16,12,0.05,0.06,-2.5,-0.01,1
23,Gerentes de Programas de Política Educativa,Directivo,2,1,0.01,0.01,-5,0,0
24,Otros Gerentes de Administración Pública,Directivo,6,1,0.02,0.01,-8.33,-0.01,0
25,Administradores de Educación Superior y Formación para el Trabajo,Directivo,63,19,0.19,0.1,-6.98,-0.13,1
26,Directores y Administradores de Educación Básica y Media,Directivo,50,29,0.15,0.15,-4.2,-0.06,2
27,"Gerentes de Servicios Social, Comunitario y Correccional",Directivo,4,2,0.01,0.01,-5,-0.01,0
28,"Gerentes de Biblioteca, Museo y Galería de Arte",Directivo,26,3,0.08,0.02,-8.85,-0.07,0
29,Gerentes de Medios de Comunicación y Artes Escénicas,Directivo,81,83,0.24,0.42,0.25,0.01,8
30,Directores de Programas de Esparcimiento y Administradores de Deportes,Directivo,318,49,0.94,0.25,-8.46,-0.79,4
31,"Gerentes de Ventas, Mercadeo y Publicidad",Directivo,316,306,0.93,1.53,-0.32,-0.03,30
32,Gerentes de Comercio Exterior,Directivo,16,21,0.05,0.11,3.13,0.01,2
33,Gerentes de Comercio al Por Menor,Directivo,28,19,0.08,0.1,-3.21,-0.03,1
34,Gerentes de Restaurantes y Servicios de Alimentos,Directivo,13,8,0.04,0.04,-3.85,-0.01,0
35,Gerentes de Servicios Hoteleros,Directivo,119,76,0.35,0.38,-3.61,-0.13,7
36,Oficiales de las Fuerzas Militares,Directivo,205,50,0.6,0.25,-7.56,-0.46,5
37,Oficiales de Policía,Directivo,24,16,0.07,0.08,-3.33,-0.02,1
38,Oficiales de Bomberos,Directivo,40,5,0.12,0.03,-8.75,-0.1,0
39,Oficiales del Cuerpo de Custodia y Vigilancia,Directivo,10,5,0.03,0.03,-5,-0.01,0
40,Gerentes de Otros Servicios,Directivo,181,91,0.53,0.46,-4.97,-0.27,9
41,Gerentes de Producción Primaria (excepto agricultura),Directivo,4,19,0.01,0.1,37.5,0.04,1
42,"Gerentes de Producción Agrícola, Pecuaria, Acuícola y Pesquero",Directivo,199,137,0.59,0.69,-3.12,-0.18,13
43,Gerentes de Construcción,Directivo,47,56,0.14,0.28,1.91,0.03,5
44,Gerentes de Transporte y Distribución,Directivo,14,15,0.04,0.08,0.71,0,1
45,Gerentes de Logística,Directivo,379,214,1.12,1.07,-4.35,-0.49,21
46,Gerentes Cadena de Suministro,Directivo,17,19,0.05,0.1,1.18,0.01,1
47,Gerentes de Operación de Instalaciones Físicas,Directivo,62,48,0.18,0.24,-2.26,-0.04,4
48,Gerentes de Mantenimiento,Directivo,40,25,0.12,0.13,-3.75,-0.04,2
49,Gerentes de Producción Industrial,Directivo,44,46,0.13,0.23,0.45,0.01,4
50,Gerentes de Empresas de Servicios Públicos,Directivo,53,47,0.16,0.24,-1.13,-0.02,4
51,Contadores,Profesional,559,508,0.19,0.23,-0.91,-0.02,50
52,"Analistas, Asesores y Agentes de Mercado Financiero",Profesional,755,186,0.26,0.08,-7.54,-0.19,18
53,Auditores Financieros y Contables,Profesional,164,131,0.06,0.06,-2.01,-0.01,13
54,Profesionales de Talento Humano,Profesional,1272,836,0.44,0.37,-3.43,-0.15,83
55,Profesionales en Organización y Administración de las Empresas,Profesional,1448,1172,0.5,0.52,-1.91,-0.09,117
56,Evaluadores de Competencias Laborales,Profesional,6,3,0,0,-5,0,0
57,Archivistas,Profesional,127,100,0.04,0.04,-2.13,-0.01,10
58,Físicos y Astrónomos,Profesional,26,16,0.01,0.01,-3.85,0,1
59,Químicos,Profesional,69,50,0.02,0.02,-2.75,-0.01,5
60,"Geólogos, Geoquímicos y Geofísicos",Profesional,68,65,0.02,0.03,-0.44,0,6
61,Meteorólogos,Profesional,3,0,0,,-10,0,0
62,"Biólogos, Botánicos, Zoólogos y Relacionados",Profesional,269,204,0.09,0.09,-2.42,-0.02,20
63,Expertos Forestales,Profesional,32,31,0.01,0.01,-0.31,0,3
64,Expertos Agrícolas y Pecuarios,Profesional,990,655,0.34,0.29,-3.38,-0.11,65
65,Administradores Ambientales,Profesional,1764,956,0.6,0.43,-4.58,-0.28,95
66,Ingenieros en Construcción y Obras Civiles,Profesional,771,590,0.26,0.26,-2.35,-0.06,59
67,Ingenieros Mecánicos,Profesional,309,211,0.11,0.09,-3.17,-0.03,21
68,Ingenieros Electricistas,Profesional,177,186,0.06,0.08,0.51,0,18
69,Ingenieros  Electrónicos,Profesional,161,181,0.06,0.08,1.24,0.01,18
70,Ingenieros Químicos,Profesional,114,108,0.04,0.05,-0.53,0,10
71,Ingenieros de Automatización e Instrumentación,Profesional,156,194,0.05,0.09,2.44,0.01,19
72,Ingenieros  de Telecomunicaciones,Profesional,93,75,0.03,0.03,-1.94,-0.01,7
73,Ingenieros Navales,Profesional,8,1,0,0,-8.75,0,0
74,Ingenieros Industriales y de Fabricación,Profesional,926,527,0.32,0.24,-4.31,-0.14,52
75,Ingenieros de Materiales y Metalurgia,Profesional,23,19,0.01,0.01,-1.74,0,1
76,Ingenieros de Minas,Profesional,36,20,0.01,0.01,-4.44,-0.01,2
77,Ingenieros de Petróleos,Profesional,65,166,0.02,0.07,15.54,0.03,16
78,Ingenieros de Tecnologías de la Información,Profesional,538,477,0.18,0.21,-1.13,-0.02,47
79,Otros Ingenieros n.c.a.,Profesional,653,435,0.22,0.19,-3.34,-0.07,43
80,Ingenieros y Productores de Audio y Sonido,Profesional,,43,,0.02,10,,4
81,Arquitectos,Profesional,420,248,0.14,0.11,-4.1,-0.06,24
82,Urbanistas y Planificadores del Uso del Suelo,Profesional,10,10,0,0,0,0,1
83,Ingenieros Topográficos,Profesional,22,20,0.01,0.01,-0.91,0,2
84,Diseñadores Industriales,Profesional,119,55,0.04,0.02,-5.38,-0.02,5
85,"Matemáticos, Estadísticos y Actuarios",Profesional,146,62,0.05,0.03,-5.75,-0.03,6
86,Analistas de Sistemas Informáticos,Profesional,2036,1652,0.7,0.74,-1.89,-0.13,165
87,Administradores de Servicios de Tecnologías de la Información,Profesional,1471,1322,0.5,0.59,-1.01,-0.05,132
88,Desarrolladores de Aplicaciones Informáticas y Digitales,Profesional,1432,892,0.49,0.4,-3.77,-0.18,89
89,Médicos Especialistas,Profesional,96,120,0.03,0.05,2.5,0.01,12
90,Médicos Generales,Profesional,516,631,0.18,0.28,2.23,0.04,63
91,Odontólogos,Profesional,160,201,0.05,0.09,2.56,0.01,20
92,Veterinarios,Profesional,150,78,0.05,0.03,-4.8,-0.02,7
93,Optómetras,Profesional,12,5,0,0,-5.83,0,0
94,Otras Ocupaciones Profesionales en Diagnóstico y Tratamiento de la Salud n.c.a.,Profesional,0,0,,,,,0
95,Farmacéuticos y Químicos Farmacéuticos,Profesional,148,70,0.05,0.03,-5.27,-0.03,7
96,Dietistas y Nutricionistas,Profesional,81,79,0.03,0.04,-0.25,0,7
97,Audiólogos y Terapeutas del Lenguaje,Profesional,51,31,0.02,0.01,-3.92,-0.01,3
98,Fisioterapeutas,Profesional,191,231,0.07,0.1,2.09,0.01,23
99,Terapeutas Ocupacionales,Profesional,9,29,0,0.01,22.22,0.01,2
100,Enfermeros,Profesional,662,613,0.23,0.27,-0.74,-0.02,61
101,Psicólogos,Profesional,884,746,0.3,0.33,-1.56,-0.05,74
102,Jueces,Profesional,1,1,0,0,0,0,0
103,Abogados,Profesional,1098,811,0.38,0.36,-2.61,-0.1,81
104,Profesores de Educación Superior,Profesional,723,424,0.25,0.19,-4.14,-0.1,42
105,Especialistas en Procesos Pedagógicos,Profesional,246,89,0.08,0.04,-6.38,-0.05,8
106,Profesores e Instructores de Formación para el Trabajo,Profesional,990,903,0.34,0.4,-0.88,-0.03,90
107,Profesores de Educación Básica Secundaria y Media,Profesional,740,1098,0.25,0.49,4.84,0.12,109
108,Profesores de Educación Básica Primaria,Profesional,688,536,0.24,0.24,-2.21,-0.05,53
109,Profesores de Preescolar,Profesional,454,301,0.16,0.13,-3.37,-0.05,30
110,Orientadores Educativos,Profesional,91,29,0.03,0.01,-6.81,-0.02,2
111,Pedagogo Reeducador,Profesional,774,161,0.26,0.07,-7.92,-0.21,16
112,Trabajadores Sociales y Consultores de Familia,Profesional,120,68,0.04,0.03,-4.33,-0.02,6
113,Ministros del Culto,Profesional,2,5,0,0,15,0,0
114,"Sociólogos, Antropólogos y Afines",Profesional,68,77,0.02,0.03,1.32,0,7
115,"Filósofos, Filólogos y Afines",Profesional,50,48,0.02,0.02,-0.4,0,4
116,"Consultores, Investigadores y Analistas de Política Económica",Profesional,244,185,0.08,0.08,-2.42,-0.02,18
117,Consultores y Funcionarios de Desarrollo Económico y Comercial,Profesional,163,161,0.06,0.07,-0.12,0,16
118,"Investigadores, Consultores y Funcionarios de Políticas Sociales de Salud y de Educación",Profesional,45,55,0.02,0.02,2.22,0,5
119,Funcionarios de Programas Exclusivos de la Administración Pública,Profesional,119,69,0.04,0.03,-4.2,-0.02,6
120,"Investigadores, Consultores y Funcionarios de Políticas de Ciencias Naturales y Aplicadas",Profesional,37,47,0.01,0.02,2.7,0,4
121,Profesionales en Gestión de Riesgo de Desastres,Profesional,,12,,0.01,10,,1
122,Profesionales en ciencias forenses,Profesional,4,1,0,0,-7.5,0,0
123,Bibliotecólogos,Profesional,37,27,0.01,0.01,-2.7,0,2
124,Restauradores,Profesional,7,6,0,0,-1.43,0,0
125,Curadores,Profesional,1,0,0,,-10,0,0
126,Escritores,Profesional,22,3,0.01,0,-8.64,-0.01,0
127,Editores y Redactores,Profesional,47,38,0.02,0.02,-1.91,0,3
128,Periodistas,Profesional,312,270,0.11,0.12,-1.35,-0.01,27
129,Traductores e Intérpretes,Profesional,14,13,0,0.01,-0.71,0,1
130,Ocupaciones Profesionales en Relaciones Públicas y Comunicaciones,Profesional,193,85,0.07,0.04,-5.6,-0.04,8
131,Publicistas,Profesional,,42,,0.02,10,,4
132,"Productores, Directores Artísticos, Coreógrafos y Ocupaciones Relacionadas",Profesional,42,23,0.01,0.01,-4.52,-0.01,2
133,Intérpretes Musicales,Profesional,200,65,0.07,0.03,-6.75,-0.05,6
134,Bailarines,Profesional,79,23,0.03,0.01,-7.09,-0.02,2
135,Actores,Profesional,106,31,0.04,0.01,-7.08,-0.03,3
136,"Pintores, Escultores y Otros Artistas Visuales",Profesional,42,51,0.01,0.02,2.14,0,5
137,Directores e Investigadores Musicales,Profesional,,11,,0,10,,1
138,Autores y Compositores Musicales,Profesional,,37,,0.02,10,,3
139,Diseñadores Gráficos,Profesional,1152,1164,0.39,0.52,0.1,0,116
140,Administradores de Explotación Acuícola y Jefes de Laboratorio de Cultivo o Producción Acuícola,Profesional,118,199,0.04,0.09,6.86,0.03,19
141,Directores de Planta de Procesamiento de Alimentos y Bebidas,Profesional,9,4,0,0,-5.56,0,0
142,Jefe de Laboratorio de Alimentos,Profesional,3,1,0,0,-6.67,0,0
143,Supervisores de Empleados de Apoyo Administrativo,Técnicos Profesionales - Tecnólogos,259,140,0.05,0.04,-4.59,-0.02,14
144,Jefes y supervisores de entidades financieras,Técnicos Profesionales - Tecnólogos,34,22,0.01,0.01,-3.53,0,2
145,"Supervisores y coordinadores de procesos de negocio, Empleados de información y servicio al cliente",Técnicos Profesionales - Tecnólogos,94,140,0.02,0.04,4.89,0.01,14
146,Supervisores de Empleados de Correo y Mensajería,Técnicos Profesionales - Tecnólogos,5,3,0,0,-4,0,0
147,"Supervisores de Almacenamiento, Inventario y  Distribución",Técnicos Profesionales - Tecnólogos,410,280,0.09,0.07,-3.17,-0.03,28
148,Asistentes Administrativos,Técnicos Profesionales - Tecnólogos,6982,5503,1.45,1.4,-2.12,-0.31,550
149,Administradores de Propiedad Horizontal,Técnicos Profesionales - Tecnólogos,103,42,0.02,0.01,-5.92,-0.01,4
150,Asistentes de Talento Humano,Técnicos Profesionales - Tecnólogos,773,853,0.16,0.22,1.03,0.02,85
151,Asistentes de compras,Técnicos Profesionales - Tecnólogos,1421,77,0.3,0.02,-9.46,-0.28,7
152,"Asistentes de Juzgados, Tribunales y Afines",Técnicos Profesionales - Tecnólogos,29,12,0.01,0,-5.86,0,1
153,"Funcionarios de Aduanas, Impuestos, Inmigración y Seguridad Social",Técnicos Profesionales - Tecnólogos,42,10,0.01,0,-7.62,-0.01,1
154,Asistentes de Comercio Exterior,Técnicos Profesionales - Tecnólogos,225,274,0.05,0.07,2.18,0.01,27
155,Técnicos en Archivística,Técnicos Profesionales - Tecnólogos,494,333,0.1,0.09,-3.26,-0.03,33
156,Asistentes Contables,Técnicos Profesionales - Tecnólogos,1854,1541,0.39,0.39,-1.69,-0.07,154
157,"Analistas, Asistentes y Asesores de Servicios Financieros",Técnicos Profesionales - Tecnólogos,204,561,0.04,0.14,17.5,0.07,56
158,"Evaluadores, Ajustadores, Analistas y Liquidadores de Seguros",Técnicos Profesionales - Tecnólogos,106,43,0.02,0.01,-5.94,-0.01,4
159,Agentes de Aduana,Técnicos Profesionales - Tecnólogos,181,408,0.04,0.1,12.54,0.05,40
160,Asistentes Financieros,Técnicos Profesionales - Tecnólogos,83,121,0.02,0.03,4.58,0.01,12
161,Asistentes Tesorería,Técnicos Profesionales - Tecnólogos,30,18,0.01,0,-4,0,1
162,"Asistentes de Mercadeo, Publicidad y Comunicaciones",Técnicos Profesionales - Tecnólogos,,624,,0.16,10,,62
163,Técnicos en Química Aplicada,Técnicos Profesionales - Tecnólogos,775,671,0.16,0.17,-1.34,-0.02,67
164,Técnicos en Geología y Minería,Técnicos Profesionales - Tecnólogos,65,29,0.01,0.01,-5.54,-0.01,2
165,Técnicos en Meteorología,Técnicos Profesionales - Tecnólogos,27,1,0.01,0,-9.63,-0.01,0
166,Técnicos en Metrología,Técnicos Profesionales - Tecnólogos,51,49,0.01,0.01,-0.39,0,4
167,Técnicos en Ciencias Biológicas,Técnicos Profesionales - Tecnólogos,76,58,0.02,0.01,-2.37,0,5
168,Técnicos en Recursos Naturales,Técnicos Profesionales - Tecnólogos,1022,1271,0.21,0.32,2.44,0.05,127
169,"Técnicos en Prevención, Gestión y Control Ambiental",Técnicos Profesionales - Tecnólogos,799,855,0.17,0.22,0.7,0.01,85
170,Técnicos en Construcción y Arquitectura,Técnicos Profesionales - Tecnólogos,1027,732,0.21,0.19,-2.87,-0.06,73
171,Técnicos en Mecánica y Construcción Mecánica,Técnicos Profesionales - Tecnólogos,560,354,0.12,0.09,-3.68,-0.04,35
172,Técnicos en Fabricación Industrial,Técnicos Profesionales - Tecnólogos,1297,1624,0.27,0.41,2.52,0.07,162
173,Técnicos en Electricidad,Técnicos Profesionales - Tecnólogos,403,190,0.08,0.05,-5.29,-0.04,19
174,Técnicos en Electrónica,Técnicos Profesionales - Tecnólogos,411,245,0.09,0.06,-4.04,-0.03,24
175,Técnicos en Automatización e Instrumentación,Técnicos Profesionales - Tecnólogos,105,140,0.02,0.04,3.33,0.01,14
176,Técnicos en Instrumentos de Aeronavegación,Técnicos Profesionales - Tecnólogos,5,3,0,0,-4,0,0
177,Técnicos en Telecomunicaciones,Técnicos Profesionales - Tecnólogos,163,73,0.03,0.02,-5.52,-0.02,7
178,Dibujantes Técnicos,Técnicos Profesionales - Tecnólogos,897,539,0.19,0.14,-3.99,-0.07,53
179,Topógrafos,Técnicos Profesionales - Tecnólogos,178,111,0.04,0.03,-3.76,-0.01,11
180,Técnicos en Cartografía,Técnicos Profesionales - Tecnólogos,23,12,0,0,-4.78,0,1
181,Inspectores de Pruebas No destructivas,Técnicos Profesionales - Tecnólogos,4,6,0,0,5,0,0
182,"Inspectores de Sanidad, Seguridad y Salud Ocupacional",Técnicos Profesionales - Tecnólogos,1133,659,0.24,0.17,-4.18,-0.1,65
183,Inspectores de Construcción,Técnicos Profesionales - Tecnólogos,94,42,0.02,0.01,-5.53,-0.01,4
184,Inspectores de Equipos de Transporte e Instrumentos de Medición,Técnicos Profesionales - Tecnólogos,29,3,0.01,0,-8.97,-0.01,0
185,"Inspectores de Productos Agrícola, Pecuarios y de Pesca",Técnicos Profesionales - Tecnólogos,28,85,0.01,0.02,20.36,0.01,8
186,Inspectores de Riego Agrícola,Técnicos Profesionales - Tecnólogos,12,3,0,0,-7.5,0,0
187,Coordinadores de Sistemas Integrados de Gestión,Técnicos Profesionales - Tecnólogos,,412,,0.11,10,,41
188,"Pilotos, Ingenieros e Instructores de Vuelo",Técnicos Profesionales - Tecnólogos,80,12,0.02,0,-8.5,-0.01,1
189,Controladores de Tráfico Aéreo,Técnicos Profesionales - Tecnólogos,3,3,0,0,0,0,0
190,Capitanes y Oficiales de Cubierta,Técnicos Profesionales - Tecnólogos,7,46,0,0.01,55.71,0.01,4
191,Oficiales de Máquinas,Técnicos Profesionales - Tecnólogos,5,5,0,0,0,0,0
192,Controladores de Tráfico Ferroviario y Marítimo,Técnicos Profesionales - Tecnólogos,6,24,0,0.01,30,0,2
193,Despachadores de Aeronaves,Técnicos Profesionales - Tecnólogos,2,4,0,0,10,0,0
194,Técnicos en Tecnologías de la Información,Técnicos Profesionales - Tecnólogos,4047,3974,0.84,1.01,-0.18,-0.02,397
195,Técnicos de Laboratorio Médico y Patología,Técnicos Profesionales - Tecnólogos,47,39,0.01,0.01,-1.7,0,3
196,Técnicos en Terapia Respiratoria y Cardiovascular,Técnicos Profesionales - Tecnólogos,18,22,0,0.01,2.22,0,2
197,Técnicos en Imágenes Diagnósticas,Técnicos Profesionales - Tecnólogos,32,60,0.01,0.02,8.75,0.01,6
198,Técnicos en Radioterapia,Técnicos Profesionales - Tecnólogos,4,6,0,0,5,0,0
199,Instrumentadores Quirúrgicos,Técnicos Profesionales - Tecnólogos,39,39,0.01,0.01,0,0,3
200,Técnicos en Medicina Nuclear,Técnicos Profesionales - Tecnólogos,1,0,0,,-10,0,0
201,Regentes de farmacia,Técnicos Profesionales - Tecnólogos,,67,,0.02,10,,6
202,Higienistas Dentales,Técnicos Profesionales - Tecnólogos,75,27,0.02,0.01,-6.4,-0.01,2
203,Técnicos Ópticos,Técnicos Profesionales - Tecnólogos,17,3,0,0,-8.24,0,0
204,Practicantes de Medicina Alternativa,Técnicos Profesionales - Tecnólogos,197,9,0.04,0,-9.54,-0.04,0
205,Asistentes de Ambulancia y Otras Ocupaciones Paramédicas,Técnicos Profesionales - Tecnólogos,74,53,0.02,0.01,-2.84,0,5
206,Otras Ocupaciones Técnicas en Terapia y Valoración n.c.a.,Técnicos Profesionales - Tecnólogos,1,2,0,0,10,0,0
207,Asistentes en Servicios Social y Comunitario,Técnicos Profesionales - Tecnólogos,657,294,0.14,0.08,-5.53,-0.08,29
208,Consejeros de Servicios de Empleo,Técnicos Profesionales - Tecnólogos,10,133,0,0.03,123,0.03,13
209,Instructores y Profesores de Personas en Condición de Discapacidad,Técnicos Profesionales - Tecnólogos,20,3,0,0,-8.5,0,0
210,Otros Instructores,Técnicos Profesionales - Tecnólogos,256,177,0.05,0.05,-3.09,-0.02,17
211,Ocupaciones Religiosas,Técnicos Profesionales - Tecnólogos,7,5,0,0,-2.86,0,0
212,Investigadores criminalísticos y judiciales,Técnicos Profesionales - Tecnólogos,168,74,0.03,0.02,-5.6,-0.02,7
213,Asistentes Legales y Afines,Técnicos Profesionales - Tecnólogos,274,153,0.06,0.04,-4.42,-0.03,15
214,Ocupaciones Técnicas Relacionadas con Museos y Galerías,Técnicos Profesionales - Tecnólogos,10,4,0,0,-6,0,0
215,Técnicos en Biblioteca,Técnicos Profesionales - Tecnólogos,70,29,0.01,0.01,-5.86,-0.01,2
216,Técnicos en Promoción y Animación a la Lectura y la Escritura,Técnicos Profesionales - Tecnólogos,439,45,0.09,0.01,-8.97,-0.08,4
217,Fotógrafos,Técnicos Profesionales - Tecnólogos,63,34,0.01,0.01,-4.6,-0.01,3
218,Operadores de Cámara de Cine y Televisión,Técnicos Profesionales - Tecnólogos,153,57,0.03,0.01,-6.27,-0.02,5
219,Técnicos en Diseño y Arte Gráfico,Técnicos Profesionales - Tecnólogos,53,37,0.01,0.01,-3.02,0,3
220,Técnicos en Transmisión de Radio y Televisión,Técnicos Profesionales - Tecnólogos,13,6,0,0,-5.38,0,0
221,"Otras Ocupaciones Técnicas en Cine, Televisión y Artes Escénicas n.c.a.",Técnicos Profesionales - Tecnólogos,8,5,0,0,-3.75,0,0
222,"Ocupaciones de Asistencia en Cine, Televisión y Artes Escénicas",Técnicos Profesionales - Tecnólogos,124,42,0.03,0.01,-6.61,-0.02,4
223,Productores de Campo para Cine y Televisión,Técnicos Profesionales - Tecnólogos,17,4,0,0,-7.65,0,0
224,"Locutores de Radio, Televisión y Otros Medios de Comunicación.",Técnicos Profesionales - Tecnólogos,21,37,0,0.01,7.62,0,3
225,Curadores y Supervisores Musicales,Técnicos Profesionales - Tecnólogos,12,44,0,0.01,26.67,0.01,4
226,Otros artistas,Técnicos Profesionales - Tecnólogos,3,5,0,0,6.67,0,0
227,Diseñadores de Interiores,Técnicos Profesionales - Tecnólogos,46,75,0.01,0.02,6.3,0.01,7
228,"Diseñadores de Teatro, Moda, Exhibición y Otros Diseñadores Creativos",Técnicos Profesionales - Tecnólogos,358,176,0.07,0.04,-5.08,-0.04,17
229,"Patronistas de Productos de Tela, Cuero y Piel",Técnicos Profesionales - Tecnólogos,158,82,0.03,0.02,-4.81,-0.02,8
230,Ilustradores,Técnicos Profesionales - Tecnólogos,16,2,0,0,-8.75,0,0
231,Graficadores de Imágenes Computarizadas,Técnicos Profesionales - Tecnólogos,84,78,0.02,0.02,-0.71,0,7
232,Deportistas,Técnicos Profesionales - Tecnólogos,48,15,0.01,0,-6.88,-0.01,1
233,Entrenadores y Preparadores Físicos,Técnicos Profesionales - Tecnólogos,871,692,0.18,0.18,-2.06,-0.04,69
234,Árbitros,Técnicos Profesionales - Tecnólogos,64,6,0.01,0,-9.06,-0.01,0
235,Ceramistas,Técnicos Profesionales - Tecnólogos,209,9,0.04,0,-9.57,-0.04,0
236,Tejedores,Técnicos Profesionales - Tecnólogos,146,140,0.03,0.04,-0.41,0,14
237,Artesanos Trabajos en Maderables y No Maderables,Técnicos Profesionales - Tecnólogos,116,53,0.02,0.01,-5.43,-0.01,5
238,Artesanos Trabajos en Cuero,Técnicos Profesionales - Tecnólogos,31,26,0.01,0.01,-1.61,0,2
239,Artesanos Trabajos en Metal,Técnicos Profesionales - Tecnólogos,125,51,0.03,0.01,-5.92,-0.02,5
240,Otros Artesanos n.c.a.,Técnicos Profesionales - Tecnólogos,1358,768,0.28,0.2,-4.34,-0.12,76
241,Artesanos trabajos en vidrio,Técnicos Profesionales - Tecnólogos,5,3,0,0,-4,0,0
242,Artesanos trabajos en materiales líticos,Técnicos Profesionales - Tecnólogos,0,0,,,,,0
243,Artesanos trabajos en papel,Técnicos Profesionales - Tecnólogos,25,5,0.01,0,-8,0,0
244,Supervisores de Ventas,Técnicos Profesionales - Tecnólogos,252,101,0.05,0.03,-5.99,-0.03,10
245,Administradores y Supervisores de Comercio al Por Menor,Técnicos Profesionales - Tecnólogos,1358,903,0.28,0.23,-3.35,-0.09,90
246,Supervisores de Servicios de Alimentos,Técnicos Profesionales - Tecnólogos,283,111,0.06,0.03,-6.08,-0.04,11
247,Supervisores de Personal de Manejo Doméstico,Técnicos Profesionales - Tecnólogos,86,58,0.02,0.01,-3.26,-0.01,5
248,Sommeliers,Técnicos Profesionales - Tecnólogos,1,0,0,,-10,0,0
249,Supervisores de servicios de Alojamiento y Hospedaje,Técnicos Profesionales - Tecnólogos,42,45,0.01,0.01,0.71,0,4
250,Suboficiales de las Fuerzas Militares,Técnicos Profesionales - Tecnólogos,538,36,0.11,0.01,-9.33,-0.1,3
251,Suboficiales y nivel ejecutivo de la Policía,Técnicos Profesionales - Tecnólogos,187,116,0.04,0.03,-3.8,-0.01,11
252,Supervisores de Vigilantes,Técnicos Profesionales - Tecnólogos,92,90,0.02,0.02,-0.22,0,9
253,Suboficiales del Cuerpo de Custodia y Vigilancia,Técnicos Profesionales - Tecnólogos,5,2,0,0,-6,0,0
254,Suboficiales de Bomberos,Técnicos Profesionales - Tecnólogos,0,0,,,,,0
255,Agentes y Corredores de Seguros,Técnicos Profesionales - Tecnólogos,434,905,0.09,0.23,10.85,0.1,90
256,Agentes de Bienes Raíces,Técnicos Profesionales - Tecnólogos,61,32,0.01,0.01,-4.75,-0.01,3
257,Vendedores de Ventas Técnicas,Técnicos Profesionales - Tecnólogos,1609,930,0.33,0.24,-4.22,-0.14,93
258,Agentes de Compras e Intermediarios,Técnicos Profesionales - Tecnólogos,390,312,0.08,0.08,-2,-0.02,31
259,Representante de servicios especializados,Técnicos Profesionales - Tecnólogos,91,78,0.02,0.02,-1.43,0,7
260,Administradores de Comunidades Virtuales,Técnicos Profesionales - Tecnólogos,67,68,0.01,0.02,0.15,0,6
261,Agentes y Promotores Artísticos,Técnicos Profesionales - Tecnólogos,,21,,0.01,10,,2
262,Coordinadores y Productores de Eventos y Espectáculos,Técnicos Profesionales - Tecnólogos,354,373,0.07,0.1,0.54,0,37
263,Chefs,Técnicos Profesionales - Tecnólogos,261,217,0.05,0.06,-1.69,-0.01,21
264,Auxiliares de vuelo y Sobrecargos,Técnicos Profesionales - Tecnólogos,30,22,0.01,0.01,-2.67,0,2
265,Tanatopractores,Técnicos Profesionales - Tecnólogos,0,0,,,,,0
266,Coordinadores De Servicios Funerarios,Técnicos Profesionales - Tecnólogos,21,11,0,0,-4.76,0,1
267,Intérpretes De Lengua De Señas Colombiana - Español,Técnicos Profesionales - Tecnólogos,7,5,0,0,-2.86,0,0
268,Guías-intérpretes,Técnicos Profesionales - Tecnólogos,4,2,0,0,-5,0,0
269,Guías de Turismo,Técnicos Profesionales - Tecnólogos,416,275,0.09,0.07,-3.39,-0.03,27
270,Supervisores de Minería y Canteras,Técnicos Profesionales - Tecnólogos,23,24,0,0.01,0.43,0,2
271,"Supervisores de Perforación y Servicios,Pozos de Petróleo y Gas",Técnicos Profesionales - Tecnólogos,46,51,0.01,0.01,1.09,0,5
272,Inspectores de Sistemas e Instalaciones de Gas,Técnicos Profesionales - Tecnólogos,29,20,0.01,0.01,-3.1,0,2
273,Supervisores y analistas de producción de hidrocarburos,Técnicos Profesionales - Tecnólogos,,10,,0,10,,1
274,Supervisores de Producción Agrícola,Técnicos Profesionales - Tecnólogos,240,590,0.05,0.15,14.58,0.07,59
275,Supervisores de Producción Pecuaria,Técnicos Profesionales - Tecnólogos,196,90,0.04,0.02,-5.41,-0.02,9
276,Supervisores de Explotación Forestal y Silvicultura,Técnicos Profesionales - Tecnólogos,3,0,0,,-10,0,0
277,Agricultores y Administradores Agropecuarios,Técnicos Profesionales - Tecnólogos,5798,4280,1.21,1.09,-2.62,-0.32,428
278,Contratistas de Servicios Agrícolas y Relacionados,Técnicos Profesionales - Tecnólogos,30,27,0.01,0.01,-1,0,2
279,Contratistas y Supervisores de Servicios de Jardinería y Viverismo,Técnicos Profesionales - Tecnólogos,80,131,0.02,0.03,6.38,0.01,13
280,Capitanes y Patrones de Pesca,Técnicos Profesionales - Tecnólogos,0,2,,0,10,,0
281,"Contratistas y Supervisores de Ajustadores de Máquinas y Herramientas, y de Ocupaciones Relacionadas",Técnicos Profesionales - Tecnólogos,5,8,0,0,6,0,0
282,Contratistas y Supervisores de Electricidad y Telecomunicaciones,Técnicos Profesionales - Tecnólogos,60,81,0.01,0.02,3.5,0,8
283,Contratistas y Supervisores de Instalación de Tuberías,Técnicos Profesionales - Tecnólogos,14,17,0,0,2.14,0,1
284,Contratistas y Supervisores de Moldeo de Forja y Montaje de Estructuras Metálicas,Técnicos Profesionales - Tecnólogos,7,8,0,0,1.43,0,0
285,Contratistas y Supervisores de Carpintería,Técnicos Profesionales - Tecnólogos,5,13,0,0,16,0,1
286,Contratistas y Supervisores de Mecánica,Técnicos Profesionales - Tecnólogos,75,89,0.02,0.02,1.87,0,8
287,Contratistas y Supervisores de Operación de Equipo Pesado,Técnicos Profesionales - Tecnólogos,1,5,0,0,40,0,0
288,"Maestros Generales de Obra y Supervisores de Construcción, Instalación y Reparación",Técnicos Profesionales - Tecnólogos,553,455,0.12,0.12,-1.77,-0.02,45
289,Supervisores de Operación de Transporte Ferroviario,Técnicos Profesionales - Tecnólogos,9,6,0,0,-3.33,0,0
290,Supervisores de Operación de Transporte Terrestre (no ferroviario),Técnicos Profesionales - Tecnólogos,58,26,0.01,0.01,-5.52,-0.01,2
291,Supervisores de Tratamiento de Metales y Minerales,Técnicos Profesionales - Tecnólogos,4,5,0,0,2.5,0,0
292,"Supervisores de Procesamiento de Químico, Petróleo, Gas y Tratamiento de Agua y Generación de Energía",Técnicos Profesionales - Tecnólogos,23,18,0,0,-2.17,0,1
293,"Supervisores de Procesamiento de Alimentos, Bebidas y Tabaco",Técnicos Profesionales - Tecnólogos,106,86,0.02,0.02,-1.89,0,8
294,Supervisores de Fabricación de Productos de Plástico y Caucho,Técnicos Profesionales - Tecnólogos,5,4,0,0,-2,0,0
295,Supervisores de Procesamiento de la Madera y Producción de Pulpa y Papel,Técnicos Profesionales - Tecnólogos,1,1,0,0,0,0,0
296,Supervisores de Procesamiento Textil,Técnicos Profesionales - Tecnólogos,7,7,0,0,0,0,0
297,"Inspectores de Control de Calidad, Procesamiento de Alimentos y Bebidas",Técnicos Profesionales - Tecnólogos,522,985,0.11,0.25,8.87,0.1,98
298,Supervisores de Ensamble de Vehículos de Motor,Técnicos Profesionales - Tecnólogos,29,21,0.01,0.01,-2.76,0,2
299,Supervisores de Fabricación de Productos Electrónicos,Técnicos Profesionales - Tecnólogos,2,0,0,,-10,0,0
300,Supervisores de Fabricación de Productos Eléctricos,Técnicos Profesionales - Tecnólogos,2,1,0,0,-5,0,0
301,Supervisores de Fabricación de Muebles y Accesorios,Técnicos Profesionales - Tecnólogos,3,11,0,0,26.67,0,1
302,"Supervisores de Fabricación de Productos de Tela, Cuero y Piel",Técnicos Profesionales - Tecnólogos,47,28,0.01,0.01,-4.04,0,2
303,Supervisores de Impresión y Ocupaciones Relacionadas,Técnicos Profesionales - Tecnólogos,13,88,0,0.02,57.69,0.02,8
304,Supervisores de Fabricación de Otros Productos Mecánicos y Metálicos,Técnicos Profesionales - Tecnólogos,15,12,0,0,-2,0,1
305,Supervisores de Fabricación y Ensamble de Otros Productos n.c.a,Técnicos Profesionales - Tecnólogos,2,5,0,0,15,0,0
306,"Operadores de Control Central de Procesos, Tratamiento de Metales y Minerales",Técnicos Profesionales - Tecnólogos,1,3,0,0,20,0,0
307,"Operadores de Procesos, Químicos, Gas y Petróleo",Técnicos Profesionales - Tecnólogos,28,9,0.01,0,-6.79,0,0
308,"Operadores de Control de Procesos, Producción de Pulpa",Técnicos Profesionales - Tecnólogos,7,12,0,0,7.14,0,1
309,"Operadores de Control de Procesos, Fabricación de Papel",Técnicos Profesionales - Tecnólogos,1,4,0,0,30,0,0
310,Impresores de Artes Gráficas,Técnicos Profesionales - Tecnólogos,128,110,0.03,0.03,-1.41,0,11
311,Pre-prensistas de Artes Gráficas,Técnicos Profesionales - Tecnólogos,10,36,0,0.01,26,0.01,3
312,Operarios de Terminados y Acabados de Artes Gráficas,Técnicos Profesionales - Tecnólogos,63,142,0.01,0.04,12.54,0.02,14
313,Secretarios,Calificados,1110,1236,0.06,0.09,1.14,0.01,123
314,Recepcionistas y Operadores de Conmutador,Calificados,436,325,0.02,0.02,-2.55,-0.01,32
315,Digitadores,Calificados,1678,974,0.09,0.07,-4.2,-0.04,97
316,Transcriptores y Relatores,Calificados,1,3,0,0,20,0,0
317,Digitalizadores,Calificados,19,15,0,0,-2.11,0,1
318,"Auxiliares Contables, de Tesorería y Financieros",Calificados,3931,2992,0.22,0.21,-2.39,-0.05,299
319,Cajeros de Servicios Financieros,Calificados,740,536,0.04,0.04,-2.76,-0.01,53
320,Auxiliares de servicios financieros,Calificados,220,219,0.01,0.02,-0.05,0,21
321,Auxiliares de Cartera y Cobranzas,Calificados,204,178,0.01,0.01,-1.27,0,17
322,Auxiliares de Nómina y Prestaciones,Calificados,171,153,0.01,0.01,-1.05,0,15
323,Avaluadores,Calificados,7,1,0,0,-8.57,0,0
324,Auxiliares Administrativos,Calificados,10431,7803,0.57,0.55,-2.52,-0.14,780
325,Auxiliares de Talento Humano,Calificados,2408,1566,0.13,0.11,-3.5,-0.05,156
326,Auxiliares de Tribunales,Calificados,14,8,0,0,-4.29,0,0
327,Auxiliares de Archivo y Registro,Calificados,1374,1876,0.08,0.13,3.65,0.03,187
328,Auxiliares administrativos en Salud,Calificados,1125,512,0.06,0.04,-5.45,-0.03,51
329,Auxiliares de aduana,Calificados,277,259,0.02,0.02,-0.65,0,25
330,Auxiliares de Biblioteca,Calificados,41,23,0,0,-4.39,0,2
331,Auxiliares de Publicación y Afines,Calificados,15,9,0,0,-4,0,0
332,Auxiliares de Información y Servicio al Cliente,Calificados,32574,31362,1.79,2.23,-0.37,-0.07,3136
333,Auxiliares de Estadística y Encuestadores,Calificados,162,86,0.01,0.01,-4.69,0,8
334,Auxiliares de Correo y Servicio Postal,Calificados,21,5,0,0,-7.62,0,0
335,Carteros y Mensajeros,Calificados,339,372,0.02,0.03,0.97,0,37
336,Auxiliares de Almacén,Calificados,12482,4365,0.68,0.31,-6.5,-0.45,436
337,Auxiliares de Compras e Inventarios,Calificados,340,290,0.02,0.02,-1.47,0,29
338,Operadores de Radio y Despachadores,Calificados,36,52,0,0,4.44,0,5
339,Programadores de Rutas y Tripulaciones,Calificados,27,34,0,0,2.59,0,3
340,Operadores Telefónicos,Calificados,13,25,0,0,9.23,0,2
341,Asistentes en Saneamiento Ambiental,Calificados,130,68,0.01,0,-4.77,0,6
342,Auxiliares de Laboratorio,Calificados,353,156,0.02,0.01,-5.58,-0.01,15
343,Auxiliares de Seguridad en el Trabajo,Calificados,,343,,0.02,10,,34
344,Operarios de exploración geofísica y geológica,Calificados,,10,,0,10,,1
345,Auxiliares en Automatización e Instrumentación Industrial,Calificados,228,266,0.01,0.02,1.67,0,26
346,Técnicos en Asistencia y Soporte de Tecnologías de la Información,Calificados,1720,1707,0.09,0.12,-0.08,0,170
347,Auxiliares en Enfermería,Calificados,2579,2151,0.14,0.15,-1.66,-0.02,215
348,Auxiliares de Salud oral,Calificados,313,271,0.02,0.02,-1.34,0,27
349,Auxiliares en Salud pública,Calificados,248,189,0.01,0.01,-2.38,0,18
350,Auxiliares de Laboratorio Clínico,Calificados,52,44,0,0,-1.54,0,4
351,Auxiliares de Droguería y Farmacia,Calificados,599,537,0.03,0.04,-1.04,0,53
352,Otros Auxiliares de Servicios a la Salud n.c.a.,Calificados,21,21,0,0,0,0,2
353,Auxiliares en mecánica dental,Calificados,19,11,0,0,-4.21,0,1
354,Auxiliares de educación para la primera infancia,Calificados,1560,1190,0.09,0.08,-2.37,-0.02,119
355,Operadores de audio y sonido,Calificados,211,24,0.01,0,-8.86,-0.01,2
356,Ejecutantes Musicales,Calificados,,25,,0,10,,2
357,Auxiliares de Producción de Audio y Sonido,Calificados,,80,,0.01,10,,8
358,Vendedores de Ventas no Técnicas,Calificados,27172,20668,1.49,1.47,-2.39,-0.36,2066
359,Auxiliares de Promoción Artística,Calificados,,42,,0,10,,4
360,Vendedores de Mostrador,Calificados,5338,2878,0.29,0.2,-4.61,-0.13,287
361,Mercaderistas e Impulsadores,Calificados,22506,18947,1.23,1.34,-1.58,-0.2,1894
362,Cajeros de Comercio,Calificados,2866,2746,0.16,0.19,-0.42,-0.01,274
363,Modelos,Calificados,16,4,0,0,-7.5,0,0
364,Agentes de Viajes,Calificados,559,418,0.03,0.03,-2.52,-0.01,41
365,"Empleados de Ventas y Servicios de Líneas Aéreas, Marítimas y Terrestres",Calificados,512,193,0.03,0.01,-6.23,-0.02,19
366,Empleados de Recepción Hotelera,Calificados,202,108,0.01,0.01,-4.65,-0.01,10
367,Informadores Turísticos,Calificados,513,123,0.03,0.01,-7.6,-0.02,12
368,Recreadores,Calificados,192,337,0.01,0.02,7.55,0.01,33
369,Operadores de Juegos Mecánicos y de Salón,Calificados,19,2,0,0,-8.95,0,0
370,Auxiliares de Producción de Eventos y Espectáculos,Calificados,,103,,0.01,10,,10
371,Cortadores de Carne para Comercio Mayorista y al Detal,Calificados,189,272,0.01,0.02,4.39,0,27
372,Panaderos y Pasteleros,Calificados,1054,793,0.06,0.06,-2.48,-0.01,79
373,Meseros y Capitán de Meseros,Calificados,1696,1035,0.09,0.07,-3.9,-0.04,103
374,Bartender,Calificados,81,29,0,0,-6.42,0,2
375,Cocineros,Calificados,601,524,0.03,0.04,-1.28,0,52
376,Baristas,Calificados,161,20,0.01,0,-8.76,-0.01,2
377,Inspectores de Policía,Calificados,4,2,0,0,-5,0,0
378,Funcionarios de Regulación,Calificados,32,42,0,0,3.13,0,4
379,Auxiliares de policía,Calificados,179,241,0.01,0.02,3.46,0,24
380,Bomberos,Calificados,28,25,0,0,-1.07,0,2
381,Guardianes de Prisión,Calificados,30,12,0,0,-6,0,1
382,Soldados,Calificados,1826,153,0.1,0.01,-9.16,-0.09,15
383,Vigilantes y Guardias de Seguridad,Calificados,3137,1894,0.17,0.13,-3.96,-0.07,189
384,Técnicos Investigadores Criminalísticos y Judiciales,Calificados,21,7,0,0,-6.67,0,0
385,Acompañantes Domiciliarios,Calificados,202,144,0.01,0.01,-2.87,0,14
386,Auxiliares del Cuidado de Niños,Calificados,198,241,0.01,0.02,2.17,0,24
387,Peluqueros,Calificados,692,639,0.04,0.05,-0.77,0,63
388,Trabajadores del Cuidado de Animales,Calificados,141,128,0.01,0.01,-0.92,0,12
389,Auxiliares de Servicios Funerarios,Calificados,3,10,0,0,23.33,0,1
390,"Astrólogos, Adivinadores y Relacionados",Calificados,2,0,0,,-10,0,0
391,Manicuristas y Pedicuristas,Calificados,329,163,0.02,0.01,-5.05,-0.01,16
392,Cosmetólogos Esteticistas,Calificados,183,128,0.01,0.01,-3.01,0,12
393,Maquilladores,Calificados,66,17,0,0,-7.42,0,1
394,Operarios de Apoyo y Servicios en Minería Bajo Tierra,Calificados,35,78,0,0.01,12.29,0,7
395,Operarios de Apoyo y Servicios en Perforación de Petróleo y Gas,Calificados,793,291,0.04,0.02,-6.33,-0.03,29
396,Mineros de Producción Bajo Tierra,Calificados,167,141,0.01,0.01,-1.56,0,14
397,Perforadores de Pozos de Gas y Petróleo y Trabajadores Relacionados,Calificados,94,21,0.01,0,-7.77,0,2
398,Inspectores de Construcción de Oleoductos y Gasoductos,Calificados,4,5,0,0,2.5,0,0
399,Operadores de Equipo Minero,Calificados,55,30,0,0,-4.55,0,3
400,Operadores de producción de hidrocarburos,Calificados,,28,,0,10,,2
401,Operarios de servicios a pozos de hidrocarburos,Calificados,,18,,0,10,,1
402,Operarios torres de perforación de hidrocarburos,Calificados,,9,,0,10,,0
403,Trabajadores de Explotación Forestal,Calificados,9,1,0,0,-8.89,0,0
404,Trabajadores de Silvicultura y Forestación,Calificados,72,19,0,0,-7.36,0,1
405,Trabajadores Agrícolas,Calificados,1250,1190,0.07,0.08,-0.48,0,119
406,Trabajadores Pecuarios,Calificados,664,910,0.04,0.06,3.7,0.01,91
407,Trabajadores de Vivero,Calificados,249,128,0.01,0.01,-4.86,-0.01,12
408,Trabajadores del Campo,Calificados,1533,1359,0.08,0.1,-1.14,-0.01,135
409,Trabajadores de Plantas de Incubación Artificial,Calificados,17,18,0,0,0.59,0,1
410,Rayadores de Caucho,Calificados,13,0,0,,-10,0,0
411,Operarios de Riego Agrícola,Calificados,24,55,0,0,12.92,0,5
412,Pescadores,Calificados,79,91,0,0.01,1.52,0,9
413,Operario Acuícola,Calificados,186,191,0.01,0.01,0.27,0,19
414,Técnico Acuícola en Sistemas de Reproducción,Calificados,20,8,0,0,-6,0,0
415,Técnico Acuícola en Sistemas de Levante y Engorde,Calificados,4,4,0,0,0,0,0
416,Ajustadores de Máquinas y Herramientas,Calificados,139,187,0.01,0.01,3.45,0,18
417,Modelistas y Matriceros,Calificados,6,3,0,0,-5,0,0
418,Electricistas Industriales,Calificados,200,242,0.01,0.02,2.1,0,24
419,Electricistas Residenciales,Calificados,398,408,0.02,0.03,0.25,0,40
420,Instaladores de Redes de Energía Eléctrica,Calificados,277,178,0.02,0.01,-3.57,-0.01,17
421,Técnicos instaladores de Redes y Líneas de Telecomunicaciones,Calificados,121,57,0.01,0,-5.29,0,5
422,"Auxiliares técnicos de instalación, mantenimiento y reparación de sistemas de Telecomunicaciones",Calificados,522,224,0.03,0.02,-5.71,-0.02,22
423,Operarios de Mantenimiento y Servicio de Televisión por Cable,Calificados,3,8,0,0,16.67,0,0
424,Plomeros,Calificados,71,46,0,0,-3.52,0,4
425,Instaladores de Tuberías para Sistemas de Extinción de Incendios,Calificados,28,15,0,0,-4.64,0,1
426,Instaladores de Redes y Equipos a Gas,Calificados,65,162,0,0.01,14.92,0.01,16
427,"Chapistas, Caldereros y Paileros",Calificados,27,23,0,0,-1.48,0,2
428,Soldadores,Calificados,751,464,0.04,0.03,-3.82,-0.02,46
429,Montadores de Estructuras Metálicas,Calificados,129,96,0.01,0.01,-2.56,0,9
430,Ornamentistas y Forjadores,Calificados,39,36,0,0,-0.77,0,3
431,Tuberos,Calificados,13,13,0,0,0,0,1
432,Carpinteros,Calificados,261,227,0.01,0.02,-1.3,0,22
433,Ebanistas,Calificados,366,69,0.02,0,-8.11,-0.02,6
434,Oficiales de Construcción,Calificados,1349,978,0.07,0.07,-2.75,-0.02,97
435,"Trabajadores en Concreto, Hormigón y Enfoscado",Calificados,7,4,0,0,-4.29,0,0
436,Enchapadores,Calificados,17,21,0,0,2.35,0,2
437,Techadores,Calificados,1,1,0,0,0,0,0
438,Instaladores de Material Aislante,Calificados,50,30,0,0,-4,0,3
439,Pintores y Empapeladores,Calificados,108,57,0.01,0,-4.72,0,5
440,Instaladores de Pisos,Calificados,8,2,0,0,-7.5,0,0
441,Revocadores,Calificados,10,9,0,0,-1,0,0
442,Mecánicos Industriales,Calificados,751,813,0.04,0.06,0.83,0,81
443,"Mecánicos de Maquinaria Textil, confección, cuero, calzado y marroquinería",Calificados,177,78,0.01,0.01,-5.59,-0.01,7
444,Mecánicos de Equipo Pesado,Calificados,122,81,0.01,0.01,-3.36,0,8
445,Mecánicos de Aviación,Calificados,16,24,0,0,5,0,2
446,Técnicos de Aire Acondicionado y Refrigeración,Calificados,50,116,0,0.01,13.2,0,11
447,Mecánicos de Vehículos Automotores,Calificados,943,812,0.05,0.06,-1.39,-0.01,81
448,Electricistas de Vehículos Automotores,Calificados,32,91,0,0.01,18.44,0,9
449,Mecánicos de Motos,Calificados,772,562,0.04,0.04,-2.72,-0.01,56
450,Latoneros,Calificados,74,56,0,0,-2.43,0,5
451,Reparadores de Aparatos Electrodomésticos,Calificados,10,15,0,0,5,0,1
452,Mecánicos Electricistas,Calificados,177,168,0.01,0.01,-0.51,0,16
453,Auxiliares técnicos en electrónica,Calificados,893,812,0.05,0.06,-0.91,0,81
454,Mecánicos de Otros Pequeñas Máquinas y Motores,Calificados,26,10,0,0,-6.15,0,1
455,"Operadores de Máquinas, Tratamiento de Metales y Minerales",Calificados,28,24,0,0,-1.43,0,2
456,Trabajadores de Fundición,Calificados,16,4,0,0,-7.5,0,0
457,"Operadores de Fabricación, Moldeo y Acabado del Vidrio",Calificados,178,18,0.01,0,-8.99,-0.01,1
458,"Operadores de Moldeo de Arcilla, Piedra y Concreto",Calificados,165,192,0.01,0.01,1.64,0,19
459,"Inspectores de Control de Calidad, Tratamiento de Metales y Minerales",Calificados,3,1,0,0,-6.67,0,0
460,Operadores de Máquinas de Planta Química,Calificados,35,16,0,0,-5.43,0,1
461,Operadores de Máquinas para Procesamiento de Plásticos,Calificados,120,45,0.01,0,-6.25,0,4
462,Operadores de Máquinas y Trabajadores Relacionados con el Procesamiento del Caucho,Calificados,29,32,0,0,1.03,0,3
463,Operadores de Plantas de Tratamiento de Aguas y Desechos,Calificados,285,197,0.02,0.01,-3.09,0,19
464,Operadores de Máquinas para Procesamiento de la Madera,Calificados,13,11,0,0,-1.54,0,1
465,Operadores de Máquinas para la Producción de Pulpa,Calificados,0,0,,,,,0
466,Operadores de Máquinas para la Fabricación de Papel,Calificados,4,1,0,0,-7.5,0,0
467,Operadores de Máquinas para la Fabricación de Productos de Papel,Calificados,7,24,0,0,24.29,0,2
468,"Inspectores de Control de Calidad, Procesamiento de la Madera",Calificados,3,2,0,0,-3.33,0,0
469,Operadores de Máquinas para la Preparación de Fibras Textiles,Calificados,244,32,0.01,0,-8.69,-0.01,3
470,Operadores de Telares y Otras Máquinas Tejedoras,Calificados,60,26,0,0,-5.67,0,2
471,"Operadores de Máquinas de Tintura, Acabado Textil y Prendas",Calificados,69,65,0,0,-0.58,0,6
472,"Analistas de Calidad, Textiles",Calificados,65,94,0,0.01,4.46,0,9
473,Operadores de Máquinas para Coser y Bordar,Calificados,1561,982,0.09,0.07,-3.71,-0.03,98
474,"Cortadores de Tela, Cuero y Piel",Calificados,1197,925,0.07,0.07,-2.27,-0.01,92
475,Operadores de Máquinas y Trabajadores Relacionados con la Fabricación de Calzado y Marroquinería,Calificados,265,80,0.01,0.01,-6.98,-0.01,8
476,Trabajadores del Tratamiento de Pieles y Cueros,Calificados,3,91,0,0.01,293.33,0,9
477,"Inspectores de Control de Calidad, Fabricación de Productos de Tela, Piel y Cuero",Calificados,274,236,0.02,0.02,-1.39,0,23
478,Operadores de Control de Procesos y Máquinas para la Elaboración de Alimentos y Bebidas,Calificados,523,757,0.03,0.05,4.47,0.01,75
479,Operarios de Planta de Beneficio Animal,Calificados,50,602,0,0.04,110.4,0.03,60
480,Operarios de Planta de Procesamiento y Empaque de Pescado y Mariscos,Calificados,131,323,0.01,0.02,14.66,0.01,32
481,Operarios de Máquinas para la Elaboración de Productos de Tabaco,Calificados,12,4,0,0,-6.67,0,0
482,Procesadores Fotográficos y de Películas,Calificados,15,20,0,0,3.33,0,2
483,Ensambladores e Inspectores de Vehículos Automotores,Calificados,67,30,0,0,-5.52,0,3
484,Ensambladores de productos Electrónicos,Calificados,23,36,0,0,5.65,0,3
485,Ensambladores e Inspectores de Aparatos y Equipo Eléctrico,Calificados,22,52,0,0,13.64,0,5
486,"Ensambladores, Fabricantes e Inspectores de Transformadores y Motores Eléctricos Industriales",Calificados,26,44,0,0,6.92,0,4
487,Ensambladores e Inspectores de Productos Mecánicos,Calificados,29,50,0,0,7.24,0,5
488,Ensambladores e Inspectores de Ensamble de Aeronaves,Calificados,6,2,0,0,-6.67,0,0
489,Operadores de Máquinas e Inspectores de la Fabricación de Productos y Componentes Eléctricos,Calificados,3,2,0,0,-3.33,0,0
490,Ensambladores e Inspectores de Embarcaciones,Calificados,0,0,,,,,0
491,Ensambladores e Inspectores de Muebles y Accesorios,Calificados,23,22,0,0,-0.43,0,2
492,Operarios de Acabado de Muebles,Calificados,134,53,0.01,0,-6.04,0,5
493,Ensambladores de Productos Plásticos e Inspectores,Calificados,21,39,0,0,8.57,0,3
494,Operarios de Recubrimientos Metálicos,Calificados,6,4,0,0,-3.33,0,0
495,Pintores en Procesos de Manufactura,Calificados,64,51,0,0,-2.03,0,5
496,Otros Ensambladores e Inspectores n.c.a.,Calificados,23,17,0,0,-2.61,0,1
497,Auxiliares de Producción Gráfica,Calificados,655,520,0.04,0.04,-2.06,-0.01,52
498,Instaladores Residenciales y Comerciales,Calificados,933,806,0.05,0.06,-1.36,-0.01,80
499,Operarios de Mantenimiento de Instalaciones de Abastecimiento de Agua y Gas,Calificados,82,28,0,0,-6.59,0,2
500,Vidrieros,Calificados,6,6,0,0,0,0,0
501,Ayudantes Electricistas,Calificados,1823,802,0.1,0.06,-5.6,-0.06,80
502,Ayudantes de Mecánica,Calificados,528,601,0.03,0.04,1.38,0,60
503,Otros Reparadores,Calificados,25,24,0,0,-0.4,0,2
504,Tapiceros,Calificados,20,18,0,0,-1,0,1
505,"Sastres, Modistos, Peleteros y Sombrereros",Calificados,1990,273,0.11,0.02,-8.63,-0.09,27
506,Zapateros y Afines,Calificados,67,37,0,0,-4.48,0,3
507,Joyeros y Relojeros,Calificados,28,64,0,0,12.86,0,6
508,Tipógrafos,Calificados,25,2,0,0,-9.2,0,0
509,Cerrajeros y afines,Calificados,5,4,0,0,-2,0,0
510,Buzos,Calificados,7,2,0,0,-7.14,0,0
511,Operadores de Máquinas Estacionarias y Equipo Auxiliar,Calificados,536,324,0.03,0.02,-3.96,-0.01,32
512,Operadores de Plantas de Generación y Distribución de Energía,Calificados,19,16,0,0,-1.58,0,1
513,Operadores de Planta de Gas,Calificados,,11,,0,10,,1
514,Operadores de Grúa,Calificados,40,20,0,0,-5,0,2
515,Perforadores y Operarios de Voladura para Minería de Superficie de Canteras y Construcción,Calificados,29,55,0,0,8.97,0,5
516,Perforadores de Pozos de Agua,Calificados,4,2,0,0,-5,0,0
517,Operadores de Equipo Pesado (excepto grúa),Calificados,364,434,0.02,0.03,1.92,0,43
518,Operadores de Equipo para Limpieza de Vías y Alcantarillado,Calificados,9,18,0,0,10,0,1
519,Operadores de Maquinaria Agrícola,Calificados,48,99,0,0.01,10.63,0,9
520,Maquinistas de Transporte Ferroviario,Calificados,1,1,0,0,0,0,0
521,Guardafrenos y Otros Operadores Ferroviarios,Calificados,16,3,0,0,-8.13,0,0
522,Conductores de Vehículos Pesados,Calificados,681,717,0.04,0.05,0.53,0,71
523,"Conductores de Bus, Operadores de Metro y Otros Medios de Transporte Colectivo",Calificados,1136,543,0.06,0.04,-5.22,-0.03,54
524,Conductores de Vehículos Livianos,Calificados,2118,1113,0.12,0.08,-4.75,-0.06,111
525,Conductores de Transporte de Alimentos,Calificados,94,130,0.01,0.01,3.83,0,13
526,Marineros de Cubierta,Calificados,22,27,0,0,2.27,0,2
527,Marineros de Sala de Máquinas,Calificados,97,4,0.01,0,-9.59,-0.01,0
528,Operadores de Pequeñas Embarcaciones,Calificados,7,33,0,0,37.14,0,3
529,Operarios de Rampa de Transporte Aéreo,Calificados,82,64,0,0,-2.2,0,6
530,Operarios Portuarios,Calificados,768,486,0.04,0.03,-3.67,-0.02,48
531,Operarios de Cargue y Descargue de Materiales,Calificados,508,564,0.03,0.04,1.1,0,56
532,Aparejadores,Calificados,46,17,0,0,-6.3,0,1
533,Operadores de Máquinas Herramientas,Calificados,124,337,0.01,0.02,17.18,0.01,33
534,Operadores de Máquinas para el Trabajo de la Madera,Calificados,39,41,0,0,0.51,0,4
535,Operadores de Máquinas para el Trabajo del Metal,Calificados,19,65,0,0,24.21,0,6
536,Operadores de Máquinas para Forja,Calificados,0,0,,,,,0
537,Operadores de Máquinas de Soldadura,Calificados,96,67,0.01,0,-3.02,0,6
538,Operadores de Máquinas para la Fabricación de Otros Productos Metálicos (n.c.a),Calificados,2,6,0,0,20,0,0
539,Operadores de Máquinas para la fabricación de Otros Productos n.c.a.,Calificados,125,43,0.01,0,-6.56,0,4
540,Trabajadores de Estación de Servicio,Elemental,154,79,0.02,0.02,-4.87,-0.01,7
541,Otras Ocupaciones Elementales de las Ventas,Elemental,16148,969,1.99,0.19,-9.4,-1.87,96
542,Ayudantes de establecimientos de alimentos y bebidas,Elemental,7221,6079,0.89,1.19,-1.58,-0.14,607
543,Aseadores y Servicio Doméstico,Elemental,9214,7668,1.14,1.5,-1.68,-0.19,766
544,Aseadores Especializados y Fumigadores,Elemental,440,264,0.05,0.05,-4,-0.02,26
545,Recolectores de Material para Reciclaje,Elemental,38,32,0,0.01,-1.58,0,3
546,Auxiliares de Servicios a Viajeros,Elemental,47,36,0.01,0.01,-2.34,0,3
547,Auxiliares de Servicios de Recreación y Deporte,Elemental,524,172,0.06,0.03,-6.72,-0.04,17
548,Empleados de Lavandería,Elemental,46,22,0.01,0,-5.22,0,2
549,Otras Ocupaciones Elementales de los Servicios n.c.a.,Elemental,958,65,0.12,0.01,-9.32,-0.11,6
550,Auxiliares de servicios hoteleros,Elemental,479,279,0.06,0.05,-4.18,-0.02,27
551,Operarios de Cementerios,Elemental,1,4,0,0,30,0,0
552,Anfitriones Turísticos Locales,Elemental,,29,,0.01,10,,2
553,Obreros y Ayudantes de Minería,Elemental,118,185,0.01,0.04,5.68,0.01,18
554,Obreros y Ayudantes de Producción en Pozos de Petróleo y Gas,Elemental,1128,439,0.14,0.09,-6.11,-0.09,43
555,Obreros Agropecuarios,Elemental,2387,3083,0.29,0.6,2.92,0.09,308
556,Jardineros,Elemental,372,197,0.05,0.04,-4.7,-0.02,19
557,Ayudantes y Obreros de Construcción,Elemental,9112,4110,1.13,0.81,-5.49,-0.62,411
558,Ayudantes de Otros Oficios,Elemental,21827,19002,2.7,3.72,-1.29,-0.35,1900
559,Obreros de Mantenimiento de Obras Públicas,Elemental,138,177,0.02,0.03,2.83,0,17
560,Ayudantes de Transporte Automotor,Elemental,263,515,0.03,0.1,9.58,0.03,51
561,Obreros y Ayudantes en el Tratamiento de Metales y Minerales,Elemental,25,13,0,0,-4.8,0,1
562,Ayudantes en la Fabricación Metálica,Elemental,412,318,0.05,0.06,-2.28,-0.01,31
563,Obreros y Ayudantes de Planta Química,Elemental,132,124,0.02,0.02,-0.61,0,12
564,Obreros y Ayudantes en el Procesamiento de la Madera y Producción de Pulpa y Papel,Elemental,564,231,0.07,0.05,-5.9,-0.04,23
565,Obreros y Ayudantes en la Elaboración de Alimentos y Bebidas,Elemental,1226,1000,0.15,0.2,-1.84,-0.03,100
566,Otros Obreros y Ayudantes en Fabricación y Procesamiento n.c.a.,Elemental,7991,5938,0.99,1.16,-2.57,-0.25,593
